10801,10802,,
10901,10902,10903,
11001,11003,,
11201,11204,,
11507,11509,,
11702,11707,,
20301,20302,,
20401,20404,,
02QC013,20502,,
20601,20602,,
02QC007,21405,21407,
21701,21702,,
21915,21916,,
22001,22003,,
02QA011,22301,,
22502,22513,,
22504,22507,,
22701,22702,22703,22704
02PH013,23004,,
23101,23106,,
23301,23303,,
02PJ028,23428,,
23701,23702,,
24001,24003,,
24004,24015,,
24007,24014,,
30104,30106,,
30214,30233,30234,
30217,02OE028,30246,
30226,30223,,
30232,30219,30282,
30315,30318,30339,30346
02OG032,02OG033,30333,
40201,40203,,
40202,40204,,
40401,40406,,
50117,50135,,
02PA003,50302,50304,
50701,50702,,
50811,50812,,
60101,60102,,
60703,60704,,
61019,61020,,
62101,62114,,
62103,62111,,
62210,62214,,
62802,62803,02RH046,
62802,62803,,
70201,70203,70204,
73301,73303,,
73501,73502,73503,
74901,74903,,
80101,80102,,
80705,80717,,
80709,80719,,
80721,80708,80703,80706
80802,80809,,
102004,102018,,
103714,103717,,
0303A0,30340,,
40202,40204,,
EAST0662,54118_Q,,
EAST0662,54118Q,,
EAST0796,54117Q,,
LEMA0913,54111Q,,
NEMI0879,54113Q,,
RUPE0661,54115_Q,,
RUPE0779,54112Q,,
RUPE0798,54114Q,,
RPME0238,75701,75705,
RUPE0661R,81007,54115Q,
LAMA0762R,81008,,
LSAK0936,92709,,
